013CH232W-35C SN/03,10,J-‚ -3
013CH232W-37C SN/01,10,B-‚¤-1
013CH232W-37C SN/02,10,R-‚¢-4
013CH232WI-03C SN/01,1,B-‚¤-3
013CH232WI-03C SN/03,2,C-‚¦-3
013CH232WI-06C SN/01,1,E-‚ -3
013CH232WI-08C SN/03,3,D-‚ -1
013CH232WI-50C SN/03,2,D-‚¦-1
013CH271-35C SP/180,5,P-‚ -1
013CH271-35C SP/182,5,N-‚ -1
013CH271-35C SP/184,5,E-‚¤-3
013CH271-37C SP/183,20,F-‚ -1
013CH271-37C SP/183,10,F-‚ -3
013CH271I-03C SP/182,1,R-‚¦-4
013CH271I-08C SN/03,1,K-‚¢-3
013CH271I-08C SP/183,4,G-‚¤-3
013CH271I-08C SP/183,1,F-‚¦-3
013CH271I-09C SN/01,1,H-‚¢-1
013CH271I-09C SP/183,4,I-‚ -1
013CH271I-09C SP/183,4,J-‚¦-1
013CH271I-09C SP/183,2,I-‚¢-1
013CH271I-17C SN/01,1,L-‚¢-1
013CH271I-17C SP/182,1,L-‚¤-4
013CH271I-41C SN/02,1,Q-‚¢-2
013CH271I-41C SP/180,1,K-‚¤-3
013CH271I-41C SP/181,1,L-‚¦-1
013CH271I-42C SP/180,1,P-‚¤-3
013CH271I-42C SP/183,1,L-‚¤-3
013CH271I-49C SP/180,1,S-‚¦-4
013CH271I-50C SN/02,2,M-‚ -3
013CH271I-50C SN/03,3,S-‚ -4
013CH271I-50C SP/183,4,M-‚¦-1
013CH271I-50C SP/183,1,M-‚ -1
