B-‚ -1,013CH232W-35C SP/206,3
B-‚ -2,013CH232WI-03C SP/126N,1
B-‚ -3,013CH232W-35C SP/207,5
B-‚ -4,013CH232W-35C SP/209,2
B-‚¢-1,013CH232W-20NC SN/02,4
B-‚¢-2,013CH232W-37C SN/01,7
B-‚¢-3,013CH232W-20NC SN/03,4
B-‚¢-4,013CH232W-20NC SN/03,2
B-‚¤-1,013CH232W-37C SP/206,17
B-‚¤-2,013CH232WI-08C SN/02,2
B-‚¤-3,013CH271-35C SN/01,3
B-‚¤-4,013CH232WI-03C SN/01,1
B-‚¦-1,013CH232W-37C SP/206,8
B-‚¦-2,013CH232WI-17C SN/03,5
B-‚¦-3,013CH232W-37C SP/207,20
B-‚¦-4,013CH232WI-07C SN/01,3
C-‚ -1,013CH232WI-07C SN/03,1
C-‚ -2,013CH232W-37C SP/180,4
C-‚ -3,013CH232W-37C SP/209,9
C-‚ -4,013CH232WI-17C SP/122N,1
C-‚¢-1,013CH232WI-50C SP/180,1
C-‚¢-2,013CH232W-37C SP/207,10
C-‚¢-3,013CH232W-20NC SP/206,3
C-‚¢-4,013CH232W-35C SN/01,4
C-‚¤-1,013CH232WI-03C SP/209,3
C-‚¤-2,013CH232W-37C SP/209,16
C-‚¤-3,013CH232W-37C SP/209,14
C-‚¤-4,013CH271-35C SP/181,7
C-‚¦-1,013CH232WI-08C SN/02,3
C-‚¦-2,013CH232W-35C SN/02,6
C-‚¦-3,empty,0
C-‚¦-4,013CH271I-41C SP/180,1
D-‚ -1,013CH271-35C SP/184,4
D-‚ -2,013CH271I-03C SP/183,1
D-‚ -3,empty,0
D-‚ -4,013CH232W-37C SN/02,18
D-‚¢-1,013CH232W-20NC SP/207,4
D-‚¢-2,013CH232W-37C SP/184,2
D-‚¢-3,013CH271I-50C SN/01,1
D-‚¢-4,013CH232WI-07C SN/03,3
D-‚¤-1,013CH271I-42C SN/01,4
D-‚¤-2,013CH271I-03C SP/181,4
D-‚¤-3,013CH232W-20NC SP/209,4
D-‚¤-4,013CH271I-50C SN/01,1
D-‚¦-1,013CH232WI-03C SP/206,2
D-‚¦-2,013CH232WI-03C SP/207,3
D-‚¦-3,013CH271I-03C SP/181,3
D-‚¦-4,013CH232WI-07C SP/126N,1
E-‚ -1,013CH232W-37C SN/02,6
E-‚ -2,013CH232WI-03C SP/209,2
E-‚ -3,013CH232WI-06C SN/01,2
E-‚ -4,013CH232WI-07C SP/126N,6
E-‚¢-1,013CH271I-50C SP/183,2
E-‚¢-2,013CH232W-35C SP/122N,4
E-‚¢-3,013CH232WI-08C SN/03,3
E-‚¢-4,013CH232W-35C SP/126N,29
E-‚¤-1,013CH232WI-08C SN/03,4
E-‚¤-2,013CH271I-49C SP/126N,1
E-‚¤-3,013CH232WI-08C SN/03,1
E-‚¤-4,013CH232WI-50C SP/126N,3
E-‚¦-1,013CH232WI-08C SP/206,3
E-‚¦-2,013CH232WI-03C SP/181,1
E-‚¦-3,013CH232WI-08C SP/207,3
E-‚¦-4,013CH232WI-06C SN/03,2
F-‚ -1,013CH232W-37C SP/206,15
F-‚ -2,013CH232WI-08C SP/209,3
F-‚ -3,013CH271I-17C SP/183,5
F-‚ -4,013CH271I-49C SP/182,1
F-‚¢-1,013CH271-37C SP/184,3
F-‚¢-2,013CH232W-37C SP/207,15
F-‚¢-3,013CH232WI-03C SN/03,1
F-‚¢-4,013CH232WI-09C SP/206,3
F-‚¤-1,013CH271I-06C SP/126N,2
F-‚¤-2,013CH271I-07C SP/126N,4
F-‚¤-3,empty,0
F-‚¤-4,013CH271I-41C SN/01,4
F-‚¦-1,013CH271-35C SP/126N,1
F-‚¦-2,013CH271I-08C SP/180,1
F-‚¦-3,empty,0
F-‚¦-4,013CH271I-41C SP/126N,3
G-‚ -1,013CH232WI-09C SP/207,3
G-‚ -2,013CH271I-42C SP/126N,3
G-‚ -3,013CH232WI-03C SP/206,3
G-‚ -4,013CH232WI-09C SN/02,2
G-‚¢-1,013CH271-37C SN/02,9
G-‚¢-2,013CH271I-03C SP/184,4
G-‚¢-3,013CH232WI-09C SP/209,1
G-‚¢-4,013CH232WI-17C SP/206,3
G-‚¤-1,013CH232WI-09C SN/02,2
G-‚¤-2,013CH271I-50C SP/182,1
G-‚¤-3,013CH232WI-17C SP/207,4
G-‚¤-4,013CH232WI-49C SN/02,3
G-‚¦-1,013CH232WI-17C SP/209,4
G-‚¦-2,013CH232WI-09C SN/01,2
G-‚¦-3,013CH232WI-03C SP/207,3
G-‚¦-4,013CH232WI-06C SP/126N,3
H-‚ -1,013CH271-37C SP/126N,8
H-‚ -2,013CH232WI-49C SP/126N,4
H-‚ -3,013CH271-37C SP/183,8
H-‚ -4,013CH232WI-49C SN/02,2
H-‚¢-1,013CH232WI-49C SP/206,4
H-‚¢-2,013CH232WI-09C SN/01,3
H-‚¢-3,empty,0
H-‚¢-4,013CH271I-09C SP/183,1
H-‚¤-1,013CH232WI-08C SN/02,3
H-‚¤-2,013CH232WI-08C SP/206,3
H-‚¤-3,013CH232WI-49C SP/207,3
H-‚¤-4,013CH232WI-07C SN/02,1
H-‚¦-1,013CH232WI-50C SP/126N,2
H-‚¦-2,013CH232WI-06C SP/180,2
H-‚¦-3,013CH232WI-49C SP/207,1
H-‚¦-4,013CH232WI-07C SP/180,1
I-‚ -1,013CH232WI-49C SP/209,4
I-‚ -2,013CH271I-08C SP/182,3
I-‚ -3,empty,0
I-‚ -4,013CH232WI-49C SP/180,2
I-‚¢-1,013CH232WI-08C SP/207,3
I-‚¢-2,013CH271I-09C SP/183,4
I-‚¢-3,013CH232WI-06C SP/181,5
I-‚¢-4,013CH232WI-07C SP/181,5
I-‚¤-1,013CH232WI-09C SN/03,3
I-‚¤-2,013CH232WI-17C SP/181,3
I-‚¤-3,013CH232W-35C SP/181,7
I-‚¤-4,013CH232WI-08C SP/182,4
I-‚¦-1,013CH232WI-06C SP/182,5
I-‚¦-2,013CH232WI-08C SP/182,2
I-‚¦-3,013CH232WI-07C SP/182,2
I-‚¦-4,013CH232WI-50C SP/181,2
J-‚ -1,013CH271-35C SP/183,3
J-‚ -2,013CH232W-37C SP/182,5
J-‚ -3,013CH232WI-50C SP/206,4
J-‚ -4,013CH232W-35C SN/03,4
J-‚¢-1,013CH271I-49C SN/02,3
J-‚¢-2,013CH271I-08C SN/02,2
J-‚¢-3,013CH232WI-49C SN/02,3
J-‚¢-4,013CH232WI-50C SP/182,2
J-‚¤-1,013CH271-37C SP/183,10
J-‚¤-2,013CH232WI-50C SP/206,1
J-‚¤-3,013CH232W-35C SP/183,7
J-‚¤-4,013CH232WI-07C SP/183,6
J-‚¦-1,013CH232WI-50C SP/207,4
J-‚¦-2,013CH271I-41C SP/181,2
J-‚¦-3,013CH232WI-50C SP/207,1
J-‚¦-4,013CH271I-09C SP/126N,2
K-‚ -1,013CH271I-50C SP/180,1
K-‚ -2,013CH271I-09C SP/182,2
K-‚ -3,013CH232WI-50C SP/209,4
K-‚ -4,013CH232WI-09C SN/03,4
K-‚¢-1,013CH232WI-08C SP/209,3
K-‚¢-2,013CH232WI-50C SP/209,1
K-‚¢-3,013CH232WI-49C SN/01,1
K-‚¢-4,013CH232W-17C SN/02,1
K-‚¤-1,013CH232WI-50C SN/01,3
K-‚¤-2,013CH271I-09C SP/181,3
K-‚¤-3,empty,0
K-‚¤-4,013CH271I-03C SP/180,2
K-‚¦-1,empty,0
K-‚¦-2,013CH271I-17C SP/122N,1
K-‚¦-3,013CH271I-42C SP/181,1
K-‚¦-4,013CH271I-50C SP/182,2
L-‚ -1,013CH232WI-09C SN/02,3
L-‚ -2,013CH232WI-49C SP/122N,3
L-‚ -3,013CH232WI-07C SP/122N,1
L-‚ -4,013CH271-37C SP/180,10
L-‚¢-1,013CH232WI-09C SP/206,3
L-‚¢-2,013CH271I-03C SP/183,4
L-‚¢-3,013CH271I-03C SP/183,2
L-‚¢-4,013CH232WI-17C SN/02,4
L-‚¤-1,013CH271I-41C SP/182,3
L-‚¤-2,013CH271I-42C SP/182,4
L-‚¤-3,013CH271-37C SN/01,10
L-‚¤-4,013CH271I-17C SP/182,3
L-‚¦-1,013CH271I-50C SP/180,3
L-‚¦-2,013CH232WI-50C SN/02,4
L-‚¦-3,013CH271I-03C SP/126N,1
L-‚¦-4,013CH232WI-50C SP/122N,1
M-‚ -1,013CH271I-42C SP/180,3
M-‚ -2,013CH271I-09C SP/122N,2
M-‚ -3,013CH232WI-09C SP/207,3
M-‚ -4,013CH232WI-50C SP/126N,1
M-‚¢-1,013CH271I-03C SP/183,4
M-‚¢-2,013CH271I-08C SP/184,2
M-‚¢-3,empty,0
M-‚¢-4,013CH232WI-09C SP/209,3
M-‚¤-1,013CH271I-09C SN/02,4
M-‚¤-2,013CH271I-41C SP/182,1
M-‚¤-3,empty,0
M-‚¤-4,013CH271I-17C SP/181,2
M-‚¦-1,013CH271I-08C SN/02,4
M-‚¦-2,013CH271I-17C SP/184,1
M-‚¦-3,013CH271I-03C SN/02,3
M-‚¦-4,013CH271I-49C SP/182,1
N-‚ -1,013CH232WI-49C SN/03,4
N-‚ -2,013CH271I-42C SP/181,2
N-‚ -3,013CH271I-03C SN/03,2
N-‚ -4,013CH232WI-49C SN/01,4
N-‚¢-1,empty,0
N-‚¢-2,013CH271I-03C SN/03,1
N-‚¢-3,013CH232WI-50C SN/03,3
N-‚¢-4,013CH232WI-09C SP/122N,1
N-‚¤-1,013CH271I-08C SN/02,4
N-‚¤-2,013CH271I-09C SP/183,1
N-‚¤-3,013CH271I-41C SP/183,2
N-‚¤-4,013CH232WI-50C SP/126N,3
N-‚¦-1,013CH271-37C SP/181,9
N-‚¦-2,013CH271I-08C SP/183,1
N-‚¦-3,013CH271I-09C SN/02,3
N-‚¦-4,013CH271I-09C SN/03,1
O-‚ -1,013CH271I-50C SN/02,2
O-‚ -2,013CH232W-35C SP/184,16
O-‚ -3,013CH232WI-50C SP/184,3
O-‚ -4,013CH232WI-50C SP/184,4
O-‚¢-1,013CH271I-08C SP/180,2
O-‚¢-2,013CH232WI-17C SP/184,8
O-‚¢-3,013CH232WI-07C SP/184,3
O-‚¢-4,013CH232WI-03C SP/184,1
O-‚¤-1,013CH271I-49C SP/183,2
O-‚¤-2,013CH271I-08C SP/122N,3
O-‚¤-3,013CH271I-08C SP/181,1
O-‚¤-4,013CH271-37C SN/03,4
O-‚¦-1,013CH232WI-50C SN/02,2
O-‚¦-2,013CH271-37C SP/122N,4
O-‚¦-3,013CH271I-41C SP/180,3
O-‚¦-4,013CH271I-41C SP/126N,2
P-‚ -1,013CH271I-42C SN/03,4
P-‚ -2,013CH232WI-17C SN/01,1
P-‚ -3,013CH271I-06C SP/122N,2
P-‚ -4,013CH271I-07C SP/122N,2
P-‚¢-1,013CH271I-08C SN/03,3
P-‚¢-2,013CH232WI-06C SN/02,3
P-‚¢-3,013CH271I-50C SN/02,4
P-‚¢-4,013CH232WI-49C SP/122N,3
P-‚¤-1,013CH271I-08C SP/182,1
P-‚¤-2,013CH271I-17C SN/02,2
P-‚¤-3,013CH271I-42C SN/03,2
P-‚¤-4,013CH271I-41C SN/03,4
P-‚¦-1,013CH271I-09C SN/03,3
P-‚¦-2,013CH232WI-08C SN/01,3
P-‚¦-3,013CH271I-49C SP/183,4
P-‚¦-4,013CH271I-03C SP/183,3
Q-‚ -1,013CH232WI-50C SN/03,4
Q-‚ -2,013CH271I-17C SP/126N,1
Q-‚ -3,013CH271I-08C SP/183,2
Q-‚ -4,013CH271-37C SP/182,21
Q-‚¢-1,013CH271-35C SP/182,5
Q-‚¢-2,013CH271I-50C SN/03,3
Q-‚¢-3,013CH271-37C SN/02,7
Q-‚¢-4,013CH271I-08C SP/183,4
Q-‚¤-1,013CH271I-09C SP/126N,3
Q-‚¤-2,013CH271I-09C SP/180,2
Q-‚¤-3,empty,0
Q-‚¤-4,013CH271-37C SN/03,20
Q-‚¦-1,empty,0
Q-‚¦-2,013CH232WI-06C SP/184,4
Q-‚¦-3,013CH271I-08C SN/02,4
Q-‚¦-4,013CH271I-41C SN/02,3
R-‚ -1,013CH271I-08C SN/03,4
R-‚ -2,013CH271I-08C SN/03,1
R-‚ -3,013CH271I-09C SN/01,1
R-‚ -4,013CH271I-41C SP/181,5
R-‚¢-1,013CH271I-09C SN/02,4
R-‚¢-2,013CH271I-42C SP/183,2
R-‚¢-3,empty,0
R-‚¢-4,013CH271I-17C SN/01,1
R-‚¤-1,013CH271I-41C SN/03,3
R-‚¤-2,013CH271I-42C SN/02,1
R-‚¤-3,013CH271I-41C SP/184,3
R-‚¤-4,013CH271I-42C SP/184,2
R-‚¦-1,013CH232WI-08C SP/184,4
R-‚¦-2,013CH232WI-08C SP/184,4
R-‚¦-3,013CH271I-49C SN/01,1
R-‚¦-4,013CH271I-03C SP/182,4
S-‚ -1,013CH271I-49C SN/02,4
S-‚ -2,013CH271I-49C SN/03,3
S-‚ -3,013CH271I-49C SN/03,4
S-‚ -4,013CH271I-50C SN/03,4
S-‚¢-1,013CH271I-42C SP/181,2
S-‚¢-2,013CH271I-49C SP/181,2
S-‚¢-3,013CH271I-50C SN/02,4
S-‚¢-4,013CH271I-50C SP/183,2
S-‚¤-1,013CH271I-50C SN/02,2
S-‚¤-2,013CH271I-49C SN/02,3
S-‚¤-3,013CH271I-50C SP/122N,1
S-‚¤-4,013CH271I-49C SN/02,4
S-‚¦-1,013CH271I-50C SN/03,4
S-‚¦-2,013CH271I-49C SP/180,2
S-‚¦-3,013CH271I-50C SN/03,1
S-‚¦-4,013CH271I-50C SP/181,1
T-‚ -1,empty,0
T-‚ -2,empty,0
T-‚ -3,empty,0
T-‚ -4,empty,0
T-‚¢-1,empty,0
T-‚¢-2,empty,0
T-‚¢-3,empty,0
T-‚¢-4,empty,0
T-‚¤-1,empty,0
T-‚¤-2,empty,0
T-‚¤-3,empty,0
T-‚¤-4,empty,0
T-‚¦-1,empty,0
T-‚¦-2,empty,0
T-‚¦-3,empty,0
T-‚¦-4,empty,0
U-‚ -1,empty,0
U-‚ -2,empty,0
U-‚ -3,empty,0
U-‚ -4,empty,0
U-‚¢-1,empty,0
U-‚¢-2,empty,0
U-‚¢-3,empty,0
U-‚¢-4,empty,0
U-‚¤-1,empty,0
U-‚¤-2,empty,0
U-‚¤-3,empty,0
U-‚¤-4,empty,0
U-‚¦-1,empty,0
U-‚¦-2,empty,0
U-‚¦-3,empty,0
U-‚¦-4,empty,0
V-‚ -1,013CH232-03C SP/126N,2
V-‚ -2,013CH232-49C SP/126N,4
V-‚ -3,013CH232-50C SP/126N,1
V-‚ -4,013CH232-07C SP/180,1
V-‚¢-1,013CH232-08C SP/180,9
V-‚¢-2,013CH232-09C SP/180,4
V-‚¢-3,013CH232-49C SP/180,4
V-‚¢-4,013CH232-50C SP/180,6
V-‚¤-1,013CH232-08C SP/181,2
V-‚¤-2,013CH232-49C SP/181,2
V-‚¤-3,013CH232-50C SP/181,1
V-‚¤-4,013CH232-07C SP/182,1
V-‚¦-1,013CH232-08C SP/182,5
V-‚¦-2,013CH232-09C SP/182,4
V-‚¦-3,013CH232-49C SP/182,6
V-‚¦-4,013CH232-50C SP/182,5
W-‚ -1,013CH232-06C SP/183,1
W-‚ -2,013CH232-07C SP/184,1
W-‚ -3,013CH232-17C SP/183,2
W-‚ -4,013CH232-50C SP/183,3
W-‚¢-1,013CH232-03C SP/184,2
W-‚¢-2,013CH232-08C SP/184,1
W-‚¢-3,013CH232-09C SP/184,1
W-‚¢-4,013CH232-49C SP/184,1
W-‚¤-1,013CH232-35C SP/182,2
W-‚¤-2,013CH232-35C SP/146,1
W-‚¤-3,empty,0
W-‚¤-4,empty,0
W-‚¦-1,empty,0
W-‚¦-2,empty,0
W-‚¦-3,empty,0
W-‚¦-4,empty,0
X-‚ -1,empty,0
X-‚ -2,empty,0
X-‚ -3,empty,0
X-‚ -4,empty,0
X-‚¢-1,empty,0
X-‚¢-2,empty,0
X-‚¢-3,empty,0
X-‚¢-4,empty,0
X-‚¤-1,empty,0
X-‚¤-2,empty,0
X-‚¤-3,empty,0
X-‚¤-4,empty,0
X-‚¦-1,empty,0
X-‚¦-2,empty,0
X-‚¦-3,empty,0
X-‚¦-4,empty,0
